"Project","Client","Description","Task","User","Group","Email","Tags","Billable","Start Date","Start Time","End Date","End Time","Duration (h)","Duration (decimal)","Billable Rate (USD)","Billable Amount (USD)","Date of creation"
"Business Purchase Analysis","Dustin Budd dba. Lumen & Legacy Financial, LLC","Compensation Detail report","","James","","mkjy5fjk2y@privaterelay.appleid.com","","Yes","28/01/2026","14:00:00","28/01/2026","15:30:00","01:30:00","1.50","150.00","225.00","29/01/2026"
"Business Purchase Analysis","Dustin Budd dba. Lumen & Legacy Financial, LLC","Compensation Detail report","","James","","mkjy5fjk2y@privaterelay.appleid.com","","Yes","26/01/2026","18:00:00","26/01/2026","18:30:00","00:30:00","0.50","150.00","75.00","26/01/2026"
"Business Purchase Analysis","Dustin Budd dba. Lumen & Legacy Financial, LLC","Demographic and Contract Term (9Year) Analysis","","James","","mkjy5fjk2y@privaterelay.appleid.com","","Yes","22/01/2026","11:00:00","22/01/2026","12:30:00","01:30:00","1.50","150.00","225.00","26/01/2026"
"Business Purchase Analysis","Dustin Budd dba. Lumen & Legacy Financial, LLC","Demographic analysis","","James","","mkjy5fjk2y@privaterelay.appleid.com","","Yes","21/01/2026","17:00:00","21/01/2026","18:30:00","01:30:00","1.50","150.00","225.00","26/01/2026"
"Business Purchase Analysis","Dustin Budd dba. Lumen & Legacy Financial, LLC","Post Discussion updates","","James","","mkjy5fjk2y@privaterelay.appleid.com","","Yes","20/01/2026","15:00:00","20/01/2026","16:00:00","01:00:00","1.00","150.00","150.00","26/01/2026"
"Business Purchase Analysis","Dustin Budd dba. Lumen & Legacy Financial, LLC","Post Discussion updates","","James","","mkjy5fjk2y@privaterelay.appleid.com","","Yes","19/01/2026","20:00:00","19/01/2026","21:00:00","01:00:00","1.00","150.00","150.00","26/01/2026"
"Business Purchase Analysis","Dustin Budd dba. Lumen & Legacy Financial, LLC","Meet with Dustin","","James","","mkjy5fjk2y@privaterelay.appleid.com","","Yes","19/01/2026","15:00:00","19/01/2026","17:00:00","02:00:00","2.00","150.00","300.00","26/01/2026"
"Business Purchase Analysis","Dustin Budd dba. Lumen & Legacy Financial, LLC","Data Preparation","","James","","mkjy5fjk2y@privaterelay.appleid.com","","Yes","18/01/2026","08:00:00","18/01/2026","08:30:00","00:30:00","0.50","150.00","75.00","26/01/2026"
"Business Purchase Analysis","Dustin Budd dba. Lumen & Legacy Financial, LLC","Data Preparation","","James","","mkjy5fjk2y@privaterelay.appleid.com","","Yes","17/01/2026","14:00:00","17/01/2026","15:00:00","01:00:00","1.00","150.00","150.00","26/01/2026"
